Klasyfikator,Accuracy,Sensitivity,Specificity,Precision,F1,AUC-ROC
Logistic Regression,0.8448844884488449,0.7985611510791367,0.8841463414634146,0.8538461538461538,0.8252788104089219,0.9242410949289348
Decision Tree,0.9141914191419142,0.8705035971223022,0.9512195121951219,0.937984496124031,0.9029850746268657,0.9710475522021408
Random Forest,1.0,1.0,1.0,1.0,1.0,1.0
Gradient Boosting,0.9834983498349835,0.9712230215827338,0.9939024390243902,0.9926470588235294,0.9818181818181818,0.9989033163712933
XGBoost,0.9702970297029703,0.9640287769784173,0.975609756097561,0.9710144927536232,0.9675090252707581,0.9967099491138796
SVM (RBF),0.9042904290429042,0.8561151079136691,0.9451219512195121,0.9296875,0.8913857677902621,0.9598175118441832
k-NN (k=5),0.8811881188118812,0.8633093525179856,0.8963414634146342,0.8759124087591241,0.8695652173913043,0.9544876294086682
